{
  "MiniLM": {
    "Pk": 0.4282147315855181,
    "WindowDiff": 0.5143570536828964,
    "Precision": 0.13043478260869565,
    "Recall": 0.13043478260869565
  },
  "TextTiling": {
    "Pk": 0.4912826899128269,
    "WindowDiff": 0.5062266500622665,
    "Precision": 0.02,
    "Recall": 0.043478260869565216
  }
}