{
  "MiniLM": {
    "Pk": 0.4897959183673469,
    "WindowDiff": 0.4897959183673469,
    "Precision": 0.0,
    "Recall": 0.0
  },
  "TextTiling": {
    "Pk": 0.4262114537444934,
    "WindowDiff": 0.4262114537444934,
    "Precision": 0.03125,
    "Recall": 0.07692307692307693
  }
}