{
  "MiniLM": {
    "Pk": 0.3365591397849462,
    "WindowDiff": 0.3989247311827957,
    "Precision": 0.13333333333333333,
    "Recall": 0.3333333333333333
  },
  "TextTiling": {
    "Pk": 0.4166666666666667,
    "WindowDiff": 0.41865079365079366,
    "Precision": 0.1,
    "Recall": 0.5
  }
}